{"data":[{"ObjectIdentifier": "4ECD8C8A-0CB2-45B7-8D0B-4CC72A8478F5", "Properties": {"domain": "THM.CORP", "name": "WMIGPO@THM.CORP", "distinguishedname": "CN=WMIGPO,CN=WMIPOLICY,CN=SYSTEM,DC=THM,DC=CORP", "domainsid": "S-1-5-21-1966530601-3185510712-10604624", "highvalue": false, "description": "", "whencreated": 1686579912}, "IsDeleted": false, "IsACLProtected": false, "Aces": [{"RightName": "Owns", "IsInherited": false, "PrincipalSID": "S-1-5-21-1966530601-3185510712-10604624-512", "PrincipalType": "Group"}, {"RightName": "WriteOwner", "IsInherited": false, "PrincipalSID": "S-1-5-21-1966530601-3185510712-10604624-512", "PrincipalType": "Group"}, {"RightName": "WriteDacl", "IsInherited": false, "PrincipalSID": "S-1-5-21-1966530601-3185510712-10604624-512", "PrincipalType": "Group"}, {"RightName": "GenericAll", "IsInherited": true, "PrincipalSID": "S-1-5-21-1966530601-3185510712-10604624-519", "PrincipalType": "Group"}, {"RightName": "GenericAll", "IsInherited": true, "PrincipalSID": "S-1-5-21-1966530601-3185510712-10604624-512", "PrincipalType": "Group"}], "ChildObjects": []},{"ObjectIdentifier": "CDC2D86D-3855-4E5D-A1AA-DCACB80F006F", "Properties": {"domain": "THM.CORP", "name": "POLICYTYPE@THM.CORP", "distinguishedname": "CN=POLICYTYPE,CN=WMIPOLICY,CN=SYSTEM,DC=THM,DC=CORP", "domainsid": "S-1-5-21-1966530601-3185510712-10604624", "highvalue": false, "description": "", "whencreated": 1686579912}, "IsDeleted": false, "IsACLProtected": false, "Aces": [{"RightName": "Owns", "IsInherited": false, "PrincipalSID": "S-1-5-21-1966530601-3185510712-10604624-512", "PrincipalType": "Group"}, {"RightName": "WriteOwner", "IsInherited": false, "PrincipalSID": "S-1-5-21-1966530601-3185510712-10604624-512", "PrincipalType": "Group"}, {"RightName": "WriteDacl", "IsInherited": false, "PrincipalSID": "S-1-5-21-1966530601-3185510712-10604624-512", "PrincipalType": "Group"}, {"RightName": "GenericAll", "IsInherited": true, "PrincipalSID": "S-1-5-21-1966530601-3185510712-10604624-519", "PrincipalType": "Group"}, {"RightName": "GenericAll", "IsInherited": true, "PrincipalSID": "S-1-5-21-1966530601-3185510712-10604624-512", "PrincipalType": "Group"}], "ChildObjects": []},{"ObjectIdentifier": "016F16A4-2FFD-4D5D-A22A-EA953FE015F2", "Properties": {"domain": "THM.CORP", "name": "SOM@THM.CORP", "distinguishedname": "CN=SOM,CN=WMIPOLICY,CN=SYSTEM,DC=THM,DC=CORP", "domainsid": "S-1-5-21-1966530601-3185510712-10604624", "highvalue": false, "description": "", "whencreated": 1686579912}, "IsDeleted": false, "IsACLProtected": true, "Aces": [{"RightName": "Owns", "IsInherited": false, "PrincipalSID": "S-1-5-21-1966530601-3185510712-10604624-512", "PrincipalType": "Group"}, {"RightName": "GenericAll", "IsInherited": false, "PrincipalSID": "S-1-5-21-1966530601-3185510712-10604624-512", "PrincipalType": "Group"}, {"RightName": "GenericAll", "IsInherited": false, "PrincipalSID": "S-1-5-21-1966530601-3185510712-10604624-519", "PrincipalType": "Group"}], "ChildObjects": []},{"ObjectIdentifier": "B1304E5B-0E21-40F7-94C9-03468041AB1E", "Properties": {"domain": "THM.CORP", "name": "POLICYTEMPLATE@THM.CORP", "distinguishedname": "CN=POLICYTEMPLATE,CN=WMIPOLICY,CN=SYSTEM,DC=THM,DC=CORP", "domainsid": "S-1-5-21-1966530601-3185510712-10604624", "highvalue": false, "description": "", "whencreated": 1686579912}, "IsDeleted": false, "IsACLProtected": false, "Aces": [{"RightName": "Owns", "IsInherited": false, "PrincipalSID": "S-1-5-21-1966530601-3185510712-10604624-512", "PrincipalType": "Group"}, {"RightName": "WriteOwner", "IsInherited": false, "PrincipalSID": "S-1-5-21-1966530601-3185510712-10604624-512", "PrincipalType": "Group"}, {"RightName": "WriteDacl", "IsInherited": false, "PrincipalSID": "S-1-5-21-1966530601-3185510712-10604624-512", "PrincipalType": "Group"}, {"RightName": "GenericAll", "IsInherited": true, "PrincipalSID": "S-1-5-21-1966530601-3185510712-10604624-519", "PrincipalType": "Group"}, {"RightName": "GenericAll", "IsInherited": true, "PrincipalSID": "S-1-5-21-1966530601-3185510712-10604624-512", "PrincipalType": "Group"}], "ChildObjects": []},{"ObjectIdentifier": "DF3E242B-CCD3-47C4-91C6-BFE9F173DD3A", "Properties": {"domain": "THM.CORP", "name": "WMIPOLICY@THM.CORP", "distinguishedname": "CN=WMIPOLICY,CN=SYSTEM,DC=THM,DC=CORP", "domainsid": "S-1-5-21-1966530601-3185510712-10604624", "highvalue": false, "description": "", "whencreated": 1686579912}, "IsDeleted": false, "IsACLProtected": true, "Aces": [{"RightName": "Owns", "IsInherited": false, "PrincipalSID": "S-1-5-21-1966530601-3185510712-10604624-512", "PrincipalType": "Group"}, {"RightName": "GenericAll", "IsInherited": false, "PrincipalSID": "S-1-5-21-1966530601-3185510712-10604624-519", "PrincipalType": "Group"}, {"RightName": "GenericAll", "IsInherited": false, "PrincipalSID": "S-1-5-21-1966530601-3185510712-10604624-512", "PrincipalType": "Group"}], "ChildObjects": []},{"ObjectIdentifier": "1EEC3A67-D4B5-471F-BC83-A8503638E530", "Properties": {"domain": "THM.CORP", "name": "COMPARTITIONSETS@THM.CORP", "distinguishedname": "CN=COMPARTITIONSETS,CN=SYSTEM,DC=THM,DC=CORP", "domainsid": "S-1-5-21-1966530601-3185510712-10604624", "highvalue": false, "description": "", "whencreated": 1686579912}, "IsDeleted": false, "IsACLProtected": false, "Aces": [{"RightName": "Owns", "IsInherited": false, "PrincipalSID": "S-1-5-21-1966530601-3185510712-10604624-512", "PrincipalType": "Group"}, {"RightName": "WriteOwner", "IsInherited": false, "PrincipalSID": "S-1-5-21-1966530601-3185510712-10604624-512", "PrincipalType": "Group"}, {"RightName": "WriteDacl", "IsInherited": false, "PrincipalSID": "S-1-5-21-1966530601-3185510712-10604624-512", "PrincipalType": "Group"}, {"RightName": "GenericAll", "IsInherited": true, "PrincipalSID": "S-1-5-21-1966530601-3185510712-10604624-519", "PrincipalType": "Group"}, {"RightName": "WriteOwner", "IsInherited": true, "PrincipalSID": "THM.CORP-S-1-5-32-544", "PrincipalType": "Group"}, {"RightName": "WriteDacl", "IsInherited": true, "PrincipalSID": "THM.CORP-S-1-5-32-544", "PrincipalType": "Group"}], "ChildObjects": []},{"ObjectIdentifier": "E816369E-4BE1-4EDB-B748-75F2DDACEE92", "Properties": {"domain": "THM.CORP", "name": "COMPARTITIONS@THM.CORP", "distinguishedname": "CN=COMPARTITIONS,CN=SYSTEM,DC=THM,DC=CORP", "domainsid": "S-1-5-21-1966530601-3185510712-10604624", "highvalue": false, "description": "", "whencreated": 1686579912}, "IsDeleted": false, "IsACLProtected": false, "Aces": [{"RightName": "Owns", "IsInherited": false, "PrincipalSID": "S-1-5-21-1966530601-3185510712-10604624-512", "PrincipalType": "Group"}, {"RightName": "WriteOwner", "IsInherited": false, "PrincipalSID": "S-1-5-21-1966530601-3185510712-10604624-512", "PrincipalType": "Group"}, {"RightName": "WriteDacl", "IsInherited": false, "PrincipalSID": "S-1-5-21-1966530601-3185510712-10604624-512", "PrincipalType": "Group"}, {"RightName": "GenericAll", "IsInherited": true, "PrincipalSID": "S-1-5-21-1966530601-3185510712-10604624-519", "PrincipalType": "Group"}, {"RightName": "WriteOwner", "IsInherited": true, "PrincipalSID": "THM.CORP-S-1-5-32-544", "PrincipalType": "Group"}, {"RightName": "WriteDacl", "IsInherited": true, "PrincipalSID": "THM.CORP-S-1-5-32-544", "PrincipalType": "Group"}], "ChildObjects": []},{"ObjectIdentifier": "A61AEB80-308E-4DA6-BB10-2811D7809C11", "Properties": {"domain": "THM.CORP", "name": "ADMINSDHOLDER@THM.CORP", "distinguishedname": "CN=ADMINSDHOLDER,CN=SYSTEM,DC=THM,DC=CORP", "domainsid": "S-1-5-21-1966530601-3185510712-10604624", "highvalue": false, "description": "", "whencreated": 1686579912}, "IsDeleted": false, "IsACLProtected": true, "Aces": [{"RightName": "Owns", "IsInherited": false, "PrincipalSID": "S-1-5-21-1966530601-3185510712-10604624-512", "PrincipalType": "Group"}, {"RightName": "WriteOwner", "IsInherited": false, "PrincipalSID": "S-1-5-21-1966530601-3185510712-10604624-512", "PrincipalType": "Group"}, {"RightName": "WriteDacl", "IsInherited": false, "PrincipalSID": "S-1-5-21-1966530601-3185510712-10604624-512", "PrincipalType": "Group"}, {"RightName": "WriteOwner", "IsInherited": false, "PrincipalSID": "S-1-5-21-1966530601-3185510712-10604624-519", "PrincipalType": "Group"}, {"RightName": "WriteDacl", "IsInherited": false, "PrincipalSID": "S-1-5-21-1966530601-3185510712-10604624-519", "PrincipalType": "Group"}, {"RightName": "WriteOwner", "IsInherited": false, "PrincipalSID": "THM.CORP-S-1-5-32-544", "PrincipalType": "Group"}, {"RightName": "WriteDacl", "IsInherited": false, "PrincipalSID": "THM.CORP-S-1-5-32-544", "PrincipalType": "Group"}], "ChildObjects": []},{"ObjectIdentifier": "81EA5A4A-549E-4D1D-97A6-B29A100517BC", "Properties": {"domain": "THM.CORP", "name": "RAS AND IAS SERVERS ACCESS CHECK@THM.CORP", "distinguishedname": "CN=RAS AND IAS SERVERS ACCESS CHECK,CN=SYSTEM,DC=THM,DC=CORP", "domainsid": "S-1-5-21-1966530601-3185510712-10604624", "highvalue": false, "description": "", "whencreated": 1686579912}, "IsDeleted": false, "IsACLProtected": false, "Aces": [{"RightName": "Owns", "IsInherited": false, "PrincipalSID": "S-1-5-21-1966530601-3185510712-10604624-512", "PrincipalType": "Group"}, {"RightName": "WriteOwner", "IsInherited": false, "PrincipalSID": "S-1-5-21-1966530601-3185510712-10604624-553", "PrincipalType": "Group"}, {"RightName": "WriteDacl", "IsInherited": false, "PrincipalSID": "S-1-5-21-1966530601-3185510712-10604624-553", "PrincipalType": "Group"}, {"RightName": "GenericAll", "IsInherited": true, "PrincipalSID": "S-1-5-21-1966530601-3185510712-10604624-519", "PrincipalType": "Group"}, {"RightName": "WriteOwner", "IsInherited": true, "PrincipalSID": "THM.CORP-S-1-5-32-544", "PrincipalType": "Group"}, {"RightName": "WriteDacl", "IsInherited": true, "PrincipalSID": "THM.CORP-S-1-5-32-544", "PrincipalType": "Group"}], "ChildObjects": []},{"ObjectIdentifier": "2EC3FB3A-7B2D-4518-B150-56A042ABFDF1", "Properties": {"domain": "THM.CORP", "name": "POLICIES@THM.CORP", "distinguishedname": "CN=POLICIES,CN=SYSTEM,DC=THM,DC=CORP", "domainsid": "S-1-5-21-1966530601-3185510712-10604624", "highvalue": false, "description": "", "whencreated": 1686579912}, "IsDeleted": false, "IsACLProtected": false, "Aces": [{"RightName": "Owns", "IsInherited": false, "PrincipalSID": "S-1-5-21-1966530601-3185510712-10604624-512", "PrincipalType": "Group"}, {"RightName": "WriteOwner", "IsInherited": false, "PrincipalSID": "S-1-5-21-1966530601-3185510712-10604624-512", "PrincipalType": "Group"}, {"RightName": "WriteDacl", "IsInherited": false, "PrincipalSID": "S-1-5-21-1966530601-3185510712-10604624-512", "PrincipalType": "Group"}, {"RightName": "GenericAll", "IsInherited": true, "PrincipalSID": "S-1-5-21-1966530601-3185510712-10604624-519", "PrincipalType": "Group"}, {"RightName": "WriteOwner", "IsInherited": true, "PrincipalSID": "THM.CORP-S-1-5-32-544", "PrincipalType": "Group"}, {"RightName": "WriteDacl", "IsInherited": true, "PrincipalSID": "THM.CORP-S-1-5-32-544", "PrincipalType": "Group"}], "ChildObjects": []},{"ObjectIdentifier": "518FF167-EAA3-4AFE-BBA4-36DA5F8C91C5", "Properties": {"domain": "THM.CORP", "name": "MEETINGS@THM.CORP", "distinguishedname": "CN=MEETINGS,CN=SYSTEM,DC=THM,DC=CORP", "domainsid": "S-1-5-21-1966530601-3185510712-10604624", "highvalue": false, "description": "", "whencreated": 1686579912}, "IsDeleted": false, "IsACLProtected": false, "Aces": [{"RightName": "Owns", "IsInherited": false, "PrincipalSID": "S-1-5-21-1966530601-3185510712-10604624-512", "PrincipalType": "Group"}, {"RightName": "WriteOwner", "IsInherited": false, "PrincipalSID": "S-1-5-21-1966530601-3185510712-10604624-512", "PrincipalType": "Group"}, {"RightName": "WriteDacl", "IsInherited": false, "PrincipalSID": "S-1-5-21-1966530601-3185510712-10604624-512", "PrincipalType": "Group"}, {"RightName": "GenericAll", "IsInherited": true, "PrincipalSID": "S-1-5-21-1966530601-3185510712-10604624-519", "PrincipalType": "Group"}, {"RightName": "WriteOwner", "IsInherited": true, "PrincipalSID": "THM.CORP-S-1-5-32-544", "PrincipalType": "Group"}, {"RightName": "WriteDacl", "IsInherited": true, "PrincipalSID": "THM.CORP-S-1-5-32-544", "PrincipalType": "Group"}], "ChildObjects": []},{"ObjectIdentifier": "D858CB03-DE7E-4725-8084-D0B9CB1FAA56", "Properties": {"domain": "THM.CORP", "name": "WINSOCKSERVICES@THM.CORP", "distinguishedname": "CN=WINSOCKSERVICES,CN=SYSTEM,DC=THM,DC=CORP", "domainsid": "S-1-5-21-1966530601-3185510712-10604624", "highvalue": false, "description": "", "whencreated": 1686579912}, "IsDeleted": false, "IsACLProtected": false, "Aces": [{"RightName": "Owns", "IsInherited": false, "PrincipalSID": "S-1-5-21-1966530601-3185510712-10604624-512", "PrincipalType": "Group"}, {"RightName": "WriteOwner", "IsInherited": false, "PrincipalSID": "S-1-5-21-1966530601-3185510712-10604624-512", "PrincipalType": "Group"}, {"RightName": "WriteDacl", "IsInherited": false, "PrincipalSID": "S-1-5-21-1966530601-3185510712-10604624-512", "PrincipalType": "Group"}, {"RightName": "GenericAll", "IsInherited": true, "PrincipalSID": "S-1-5-21-1966530601-3185510712-10604624-519", "PrincipalType": "Group"}, {"RightName": "WriteOwner", "IsInherited": true, "PrincipalSID": "THM.CORP-S-1-5-32-544", "PrincipalType": "Group"}, {"RightName": "WriteDacl", "IsInherited": true, "PrincipalSID": "THM.CORP-S-1-5-32-544", "PrincipalType": "Group"}], "ChildObjects": []},{"ObjectIdentifier": "28F096C7-BF96-41A0-8820-2EEF9D13DFE3", "Properties": {"domain": "THM.CORP", "name": "MANAGED SERVICE ACCOUNTS@THM.CORP", "distinguishedname": "CN=MANAGED SERVICE ACCOUNTS,DC=THM,DC=CORP", "domainsid": "S-1-5-21-1966530601-3185510712-10604624", "highvalue": false, "description": "Default container for managed service accounts", "whencreated": 1686579912}, "IsDeleted": false, "IsACLProtected": false, "Aces": [{"RightName": "Owns", "IsInherited": false, "PrincipalSID": "S-1-5-21-1966530601-3185510712-10604624-512", "PrincipalType": "Group"}, {"RightName": "WriteOwner", "IsInherited": false, "PrincipalSID": "S-1-5-21-1966530601-3185510712-10604624-512", "PrincipalType": "Group"}, {"RightName": "WriteDacl", "IsInherited": false, "PrincipalSID": "S-1-5-21-1966530601-3185510712-10604624-512", "PrincipalType": "Group"}, {"RightName": "GenericAll", "IsInherited": true, "PrincipalSID": "S-1-5-21-1966530601-3185510712-10604624-519", "PrincipalType": "Group"}, {"RightName": "WriteOwner", "IsInherited": true, "PrincipalSID": "THM.CORP-S-1-5-32-544", "PrincipalType": "Group"}, {"RightName": "WriteDacl", "IsInherited": true, "PrincipalSID": "THM.CORP-S-1-5-32-544", "PrincipalType": "Group"}], "ChildObjects": []},{"ObjectIdentifier": "9CEF2A18-621B-4CFA-9757-0C4555C2BE52", "Properties": {"domain": "THM.CORP", "name": "MICROSOFT@THM.CORP", "distinguishedname": "CN=MICROSOFT,CN=PROGRAM DATA,DC=THM,DC=CORP", "domainsid": "S-1-5-21-1966530601-3185510712-10604624", "highvalue": false, "description": "Default location for storage of Microsoft application data.", "whencreated": 1686579912}, "IsDeleted": false, "IsACLProtected": false, "Aces": [{"RightName": "Owns", "IsInherited": false, "PrincipalSID": "S-1-5-21-1966530601-3185510712-10604624-512", "PrincipalType": "Group"}, {"RightName": "GenericAll", "IsInherited": false, "PrincipalSID": "S-1-5-21-1966530601-3185510712-10604624-512", "PrincipalType": "Group"}, {"RightName": "GenericAll", "IsInherited": true, "PrincipalSID": "S-1-5-21-1966530601-3185510712-10604624-519", "PrincipalType": "Group"}, {"RightName": "WriteOwner", "IsInherited": true, "PrincipalSID": "THM.CORP-S-1-5-32-544", "PrincipalType": "Group"}, {"RightName": "WriteDacl", "IsInherited": true, "PrincipalSID": "THM.CORP-S-1-5-32-544", "PrincipalType": "Group"}], "ChildObjects": []},{"ObjectIdentifier": "F253E5EC-DC1F-49AF-ADC0-5B3BEE29E6D7", "Properties": {"domain": "THM.CORP", "name": "PROGRAM DATA@THM.CORP", "distinguishedname": "CN=PROGRAM DATA,DC=THM,DC=CORP", "domainsid": "S-1-5-21-1966530601-3185510712-10604624", "highvalue": false, "description": "Default location for storage of application data.", "whencreated": 1686579912}, "IsDeleted": false, "IsACLProtected": false, "Aces": [{"RightName": "Owns", "IsInherited": false, "PrincipalSID": "S-1-5-21-1966530601-3185510712-10604624-512", "PrincipalType": "Group"}, {"RightName": "GenericAll", "IsInherited": false, "PrincipalSID": "S-1-5-21-1966530601-3185510712-10604624-512", "PrincipalType": "Group"}, {"RightName": "GenericAll", "IsInherited": true, "PrincipalSID": "S-1-5-21-1966530601-3185510712-10604624-519", "PrincipalType": "Group"}, {"RightName": "WriteOwner", "IsInherited": true, "PrincipalSID": "THM.CORP-S-1-5-32-544", "PrincipalType": "Group"}, {"RightName": "WriteDacl", "IsInherited": true, "PrincipalSID": "THM.CORP-S-1-5-32-544", "PrincipalType": "Group"}], "ChildObjects": []},{"ObjectIdentifier": "016B2FF1-5AB7-4AD4-ACE4-FE09D40F33FF", "Properties": {"domain": "THM.CORP", "name": "FOREIGNSECURITYPRINCIPALS@THM.CORP", "distinguishedname": "CN=FOREIGNSECURITYPRINCIPALS,DC=THM,DC=CORP", "domainsid": "S-1-5-21-1966530601-3185510712-10604624", "highvalue": false, "description": "Default container for security identifiers (SIDs) associated with objects from external, trusted domains", "whencreated": 1686579912}, "IsDeleted": false, "IsACLProtected": false, "Aces": [{"RightName": "Owns", "IsInherited": false, "PrincipalSID": "S-1-5-21-1966530601-3185510712-10604624-512", "PrincipalType": "Group"}, {"RightName": "GenericAll", "IsInherited": false, "PrincipalSID": "S-1-5-21-1966530601-3185510712-10604624-512", "PrincipalType": "Group"}, {"RightName": "GenericAll", "IsInherited": true, "PrincipalSID": "S-1-5-21-1966530601-3185510712-10604624-519", "PrincipalType": "Group"}, {"RightName": "WriteOwner", "IsInherited": true, "PrincipalSID": "THM.CORP-S-1-5-32-544", "PrincipalType": "Group"}, {"RightName": "WriteDacl", "IsInherited": true, "PrincipalSID": "THM.CORP-S-1-5-32-544", "PrincipalType": "Group"}], "ChildObjects": []},{"ObjectIdentifier": "44A2358C-F5DE-4102-8D1C-08C96DECA36F", "Properties": {"domain": "THM.CORP", "name": "SYSTEM@THM.CORP", "distinguishedname": "CN=SYSTEM,DC=THM,DC=CORP", "domainsid": "S-1-5-21-1966530601-3185510712-10604624", "highvalue": false, "description": "Builtin system settings", "whencreated": 1686579912}, "IsDeleted": false, "IsACLProtected": false, "Aces": [{"RightName": "Owns", "IsInherited": false, "PrincipalSID": "S-1-5-21-1966530601-3185510712-10604624-512", "PrincipalType": "Group"}, {"RightName": "WriteOwner", "IsInherited": false, "PrincipalSID": "S-1-5-21-1966530601-3185510712-10604624-512", "PrincipalType": "Group"}, {"RightName": "WriteDacl", "IsInherited": false, "PrincipalSID": "S-1-5-21-1966530601-3185510712-10604624-512", "PrincipalType": "Group"}, {"RightName": "GenericAll", "IsInherited": true, "PrincipalSID": "S-1-5-21-1966530601-3185510712-10604624-519", "PrincipalType": "Group"}, {"RightName": "WriteOwner", "IsInherited": true, "PrincipalSID": "THM.CORP-S-1-5-32-544", "PrincipalType": "Group"}, {"RightName": "WriteDacl", "IsInherited": true, "PrincipalSID": "THM.CORP-S-1-5-32-544", "PrincipalType": "Group"}], "ChildObjects": []},{"ObjectIdentifier": "7AC1BC94-5B5F-4D51-ADED-A73815C7EF3D", "Properties": {"domain": "THM.CORP", "name": "COMPUTERS@THM.CORP", "distinguishedname": "CN=COMPUTERS,DC=THM,DC=CORP", "domainsid": "S-1-5-21-1966530601-3185510712-10604624", "highvalue": false, "description": "Default container for upgraded computer accounts", "whencreated": 1686579911}, "IsDeleted": false, "IsACLProtected": false, "Aces": [{"RightName": "Owns", "IsInherited": false, "PrincipalSID": "S-1-5-21-1966530601-3185510712-10604624-512", "PrincipalType": "Group"}, {"RightName": "WriteOwner", "IsInherited": false, "PrincipalSID": "S-1-5-21-1966530601-3185510712-10604624-512", "PrincipalType": "Group"}, {"RightName": "WriteDacl", "IsInherited": false, "PrincipalSID": "S-1-5-21-1966530601-3185510712-10604624-512", "PrincipalType": "Group"}, {"RightName": "GenericAll", "IsInherited": true, "PrincipalSID": "S-1-5-21-1966530601-3185510712-10604624-519", "PrincipalType": "Group"}, {"RightName": "WriteOwner", "IsInherited": true, "PrincipalSID": "THM.CORP-S-1-5-32-544", "PrincipalType": "Group"}, {"RightName": "WriteDacl", "IsInherited": true, "PrincipalSID": "THM.CORP-S-1-5-32-544", "PrincipalType": "Group"}], "ChildObjects": []},{"ObjectIdentifier": "97D8CE28-7231-4915-B8AB-05D034F45FC9", "Properties": {"domain": "THM.CORP", "name": "USERS@THM.CORP", "distinguishedname": "CN=USERS,DC=THM,DC=CORP", "domainsid": "S-1-5-21-1966530601-3185510712-10604624", "highvalue": false, "description": "Default container for upgraded user accounts", "whencreated": 1686579911}, "IsDeleted": false, "IsACLProtected": false, "Aces": [{"RightName": "Owns", "IsInherited": false, "PrincipalSID": "S-1-5-21-1966530601-3185510712-10604624-512", "PrincipalType": "Group"}, {"RightName": "WriteOwner", "IsInherited": false, "PrincipalSID": "S-1-5-21-1966530601-3185510712-10604624-512", "PrincipalType": "Group"}, {"RightName": "WriteDacl", "IsInherited": false, "PrincipalSID": "S-1-5-21-1966530601-3185510712-10604624-512", "PrincipalType": "Group"}, {"RightName": "GenericAll", "IsInherited": true, "PrincipalSID": "S-1-5-21-1966530601-3185510712-10604624-519", "PrincipalType": "Group"}, {"RightName": "WriteOwner", "IsInherited": true, "PrincipalSID": "THM.CORP-S-1-5-32-544", "PrincipalType": "Group"}, {"RightName": "WriteDacl", "IsInherited": true, "PrincipalSID": "THM.CORP-S-1-5-32-544", "PrincipalType": "Group"}], "ChildObjects": [{"ObjectIdentifier": "S-1-5-21-1966530601-3185510712-10604624-1131", "ObjectType": "User"}, {"ObjectIdentifier": "S-1-5-21-1966530601-3185510712-10604624-518", "ObjectType": "Group"}, {"ObjectIdentifier": "S-1-5-21-1966530601-3185510712-10604624-521", "ObjectType": "Group"}, {"ObjectIdentifier": "S-1-5-21-1966530601-3185510712-10604624-553", "ObjectType": "Group"}, {"ObjectIdentifier": "S-1-5-21-1966530601-3185510712-10604624-525", "ObjectType": "Group"}, {"ObjectIdentifier": "S-1-5-21-1966530601-3185510712-10604624-1149", "ObjectType": "User"}, {"ObjectIdentifier": "S-1-5-21-1966530601-3185510712-10604624-502", "ObjectType": "User"}, {"ObjectIdentifier": "S-1-5-21-1966530601-3185510712-10604624-526", "ObjectType": "Group"}, {"ObjectIdentifier": "S-1-5-21-1966530601-3185510712-10604624-501", "ObjectType": "User"}, {"ObjectIdentifier": "S-1-5-21-1966530601-3185510712-10604624-520", "ObjectType": "Group"}, {"ObjectIdentifier": "S-1-5-21-1966530601-3185510712-10604624-498", "ObjectType": "Group"}, {"ObjectIdentifier": "S-1-5-21-1966530601-3185510712-10604624-527", "ObjectType": "Group"}, {"ObjectIdentifier": "S-1-5-21-1966530601-3185510712-10604624-519", "ObjectType": "Group"}, {"ObjectIdentifier": "S-1-5-21-1966530601-3185510712-10604624-513", "ObjectType": "Group"}, {"ObjectIdentifier": "S-1-5-21-1966530601-3185510712-10604624-514", "ObjectType": "Group"}, {"ObjectIdentifier": "S-1-5-21-1966530601-3185510712-10604624-516", "ObjectType": "Group"}, {"ObjectIdentifier": "S-1-5-21-1966530601-3185510712-10604624-515", "ObjectType": "Group"}, {"ObjectIdentifier": "S-1-5-21-1966530601-3185510712-10604624-512", "ObjectType": "Group"}, {"ObjectIdentifier": "S-1-5-21-1966530601-3185510712-10604624-1110", "ObjectType": "Group"}, {"ObjectIdentifier": "S-1-5-21-1966530601-3185510712-10604624-1109", "ObjectType": "Group"}, {"ObjectIdentifier": "S-1-5-21-1966530601-3185510712-10604624-572", "ObjectType": "Group"}, {"ObjectIdentifier": "S-1-5-21-1966530601-3185510712-10604624-522", "ObjectType": "Group"}, {"ObjectIdentifier": "S-1-5-21-1966530601-3185510712-10604624-517", "ObjectType": "Group"}, {"ObjectIdentifier": "S-1-5-21-1966530601-3185510712-10604624-571", "ObjectType": "Group"}, {"ObjectIdentifier": "S-1-5-21-1966530601-3185510712-10604624-500", "ObjectType": "User"}]}],"meta":{"methods":0,"type":"containers","count":19, "version":5}}