{"data":[{"ObjectIdentifier": "S-1-5-21-1966530601-3185510712-10604624-1008", "AllowedToAct": [], "PrimaryGroupSID": "S-1-5-21-1966530601-3185510712-10604624-516", "LocalAdmins": {"Collected": true, "FailureReason": null, "Results": [{"ObjectIdentifier": "S-1-5-21-1966530601-3185510712-10604624-500", "ObjectType": "User"}, {"ObjectIdentifier": "S-1-5-21-1966530601-3185510712-10604624-519", "ObjectType": "Group"}, {"ObjectIdentifier": "S-1-5-21-1966530601-3185510712-10604624-512", "ObjectType": "Group"}, {"ObjectIdentifier": "S-1-5-21-1966530601-3185510712-10604624-1119", "ObjectType": "User"}, {"ObjectIdentifier": "S-1-5-21-1966530601-3185510712-10604624-1139", "ObjectType": "User"}, {"ObjectIdentifier": "S-1-5-21-1966530601-3185510712-10604624-1148", "ObjectType": "User"}]}, "PSRemoteUsers": {"Collected": true, "FailureReason": null, "Results": [{"ObjectIdentifier": "S-1-5-21-1966530601-3185510712-10604624-1118", "ObjectType": "User"}, {"ObjectIdentifier": "S-1-5-21-1966530601-3185510712-10604624-1141", "ObjectType": "User"}, {"ObjectIdentifier": "S-1-5-21-1966530601-3185510712-10604624-1156", "ObjectType": "User"}]}, "Properties": {"name": "HAYSTACK.THM.CORP", "domainsid": "S-1-5-21-1966530601-3185510712-10604624", "domain": "THM.CORP", "distinguishedname": "CN=HAYSTACK,OU=DOMAIN CONTROLLERS,DC=THM,DC=CORP", "unconstraineddelegation": true, "enabled": true, "trustedtoauth": false, "samaccountname": "HAYSTACK$", "haslaps": false, "lastlogon": 1752942312, "lastlogontimestamp": 1752942306, "pwdlastset": 1752942284, "whencreated": 1686579977, "serviceprincipalnames": ["Dfsr-12F9A27C-BF97-4787-9364-D31B6C55EB04/HayStack.thm.corp", "ldap/HayStack.thm.corp/ForestDnsZones.thm.corp", "ldap/HayStack.thm.corp/DomainDnsZones.thm.corp", "TERMSRV/HAYSTACK", "TERMSRV/HayStack.thm.corp", "DNS/HayStack.thm.corp", "GC/HayStack.thm.corp/thm.corp", "RestrictedKrbHost/HayStack.thm.corp", "RestrictedKrbHost/HAYSTACK", "RPC/414ce88a-9841-450c-b4e6-bad20e87a385._msdcs.thm.corp", "HOST/HAYSTACK/THM", "HOST/HayStack.thm.corp/THM", "HOST/HAYSTACK", "HOST/HayStack.thm.corp", "HOST/HayStack.thm.corp/thm.corp", "E3514235-4B06-11D1-AB04-00C04FC2DCD2/414ce88a-9841-450c-b4e6-bad20e87a385/thm.corp", "ldap/HAYSTACK/THM", "ldap/414ce88a-9841-450c-b4e6-bad20e87a385._msdcs.thm.corp", "ldap/HayStack.thm.corp/THM", "ldap/HAYSTACK", "ldap/HayStack.thm.corp", "ldap/HayStack.thm.corp/thm.corp"], "description": null, "operatingsystem": "Windows Server 2019 Datacenter", "sidhistory": []}, "RemoteDesktopUsers": {"Collected": true, "FailureReason": null, "Results": [{"ObjectIdentifier": "S-1-5-21-1966530601-3185510712-10604624-500", "ObjectType": "User"}, {"ObjectIdentifier": "S-1-5-21-1966530601-3185510712-10604624-1119", "ObjectType": "User"}, {"ObjectIdentifier": "S-1-5-21-1966530601-3185510712-10604624-1139", "ObjectType": "User"}, {"ObjectIdentifier": "S-1-5-21-1966530601-3185510712-10604624-1148", "ObjectType": "User"}, {"ObjectIdentifier": "S-1-5-21-1966530601-3185510712-10604624-502", "ObjectType": "User"}, {"ObjectIdentifier": "S-1-5-21-1966530601-3185510712-10604624-1111", "ObjectType": "User"}, {"ObjectIdentifier": "S-1-5-21-1966530601-3185510712-10604624-1112", "ObjectType": "User"}, {"ObjectIdentifier": "S-1-5-21-1966530601-3185510712-10604624-1113", "ObjectType": "User"}, {"ObjectIdentifier": "S-1-5-21-1966530601-3185510712-10604624-1114", "ObjectType": "User"}, {"ObjectIdentifier": "S-1-5-21-1966530601-3185510712-10604624-1115", "ObjectType": "User"}, {"ObjectIdentifier": "S-1-5-21-1966530601-3185510712-10604624-1116", "ObjectType": "User"}, {"ObjectIdentifier": "S-1-5-21-1966530601-3185510712-10604624-1117", "ObjectType": "User"}, {"ObjectIdentifier": "S-1-5-21-1966530601-3185510712-10604624-1118", "ObjectType": "User"}, {"ObjectIdentifier": "S-1-5-21-1966530601-3185510712-10604624-1120", "ObjectType": "User"}, {"ObjectIdentifier": "S-1-5-21-1966530601-3185510712-10604624-1121", "ObjectType": "User"}, {"ObjectIdentifier": "S-1-5-21-1966530601-3185510712-10604624-1122", "ObjectType": "User"}, {"ObjectIdentifier": "S-1-5-21-1966530601-3185510712-10604624-1123", "ObjectType": "User"}, {"ObjectIdentifier": "S-1-5-21-1966530601-3185510712-10604624-1124", "ObjectType": "User"}, {"ObjectIdentifier": "S-1-5-21-1966530601-3185510712-10604624-1125", "ObjectType": "User"}, {"ObjectIdentifier": "S-1-5-21-1966530601-3185510712-10604624-1126", "ObjectType": "User"}, {"ObjectIdentifier": "S-1-5-21-1966530601-3185510712-10604624-1127", "ObjectType": "User"}, {"ObjectIdentifier": "S-1-5-21-1966530601-3185510712-10604624-1128", "ObjectType": "User"}, {"ObjectIdentifier": "S-1-5-21-1966530601-3185510712-10604624-1130", "ObjectType": "User"}, {"ObjectIdentifier": "S-1-5-21-1966530601-3185510712-10604624-1131", "ObjectType": "User"}, {"ObjectIdentifier": "S-1-5-21-1966530601-3185510712-10604624-1132", "ObjectType": "User"}, {"ObjectIdentifier": "S-1-5-21-1966530601-3185510712-10604624-1133", "ObjectType": "User"}, {"ObjectIdentifier": "S-1-5-21-1966530601-3185510712-10604624-1134", "ObjectType": "User"}, {"ObjectIdentifier": "S-1-5-21-1966530601-3185510712-10604624-1135", "ObjectType": "User"}, {"ObjectIdentifier": "S-1-5-21-1966530601-3185510712-10604624-1136", "ObjectType": "User"}, {"ObjectIdentifier": "S-1-5-21-1966530601-3185510712-10604624-1137", "ObjectType": "User"}, {"ObjectIdentifier": "S-1-5-21-1966530601-3185510712-10604624-1138", "ObjectType": "User"}, {"ObjectIdentifier": "S-1-5-21-1966530601-3185510712-10604624-1141", "ObjectType": "User"}, {"ObjectIdentifier": "S-1-5-21-1966530601-3185510712-10604624-1142", "ObjectType": "User"}, {"ObjectIdentifier": "S-1-5-21-1966530601-3185510712-10604624-1143", "ObjectType": "User"}, {"ObjectIdentifier": "S-1-5-21-1966530601-3185510712-10604624-1144", "ObjectType": "User"}, {"ObjectIdentifier": "S-1-5-21-1966530601-3185510712-10604624-1146", "ObjectType": "User"}, {"ObjectIdentifier": "S-1-5-21-1966530601-3185510712-10604624-1147", "ObjectType": "User"}, {"ObjectIdentifier": "S-1-5-21-1966530601-3185510712-10604624-1149", "ObjectType": "User"}, {"ObjectIdentifier": "S-1-5-21-1966530601-3185510712-10604624-1150", "ObjectType": "User"}]}, "DcomUsers": {"Collected": true, "FailureReason": null, "Results": [{"ObjectIdentifier": "S-1-5-21-1966530601-3185510712-10604624-1119", "ObjectType": "User"}]}, "AllowedToDelegate": [], "Sessions": {"Collected": true, "FailureReason": null, "Results": []}, "PrivilegedSessions": {"Collected": false, "FailureReason": null, "Results": []}, "RegistrySessions": {"Collected": false, "FailureReason": null, "Results": []}, "Aces": [{"RightName": "Owns", "IsInherited": false, "PrincipalSID": "S-1-5-21-1966530601-3185510712-10604624-512", "PrincipalType": "Group"}, {"RightName": "GenericAll", "IsInherited": false, "PrincipalSID": "S-1-5-21-1966530601-3185510712-10604624-512", "PrincipalType": "Group"}, {"RightName": "AddKeyCredentialLink", "IsInherited": true, "PrincipalSID": "S-1-5-21-1966530601-3185510712-10604624-526", "PrincipalType": "Group"}, {"RightName": "AddKeyCredentialLink", "IsInherited": true, "PrincipalSID": "S-1-5-21-1966530601-3185510712-10604624-527", "PrincipalType": "Group"}, {"RightName": "GenericAll", "IsInherited": true, "PrincipalSID": "S-1-5-21-1966530601-3185510712-10604624-1155", "PrincipalType": "Base"}, {"RightName": "GenericAll", "IsInherited": true, "PrincipalSID": "S-1-5-21-1966530601-3185510712-10604624-519", "PrincipalType": "Group"}, {"RightName": "GenericWrite", "IsInherited": true, "PrincipalSID": "THM.CORP-S-1-5-32-544", "PrincipalType": "Group"}, {"RightName": "WriteOwner", "IsInherited": true, "PrincipalSID": "THM.CORP-S-1-5-32-544", "PrincipalType": "Group"}, {"RightName": "WriteDacl", "IsInherited": true, "PrincipalSID": "THM.CORP-S-1-5-32-544", "PrincipalType": "Group"}], "HasSIDHistory": [], "IsDeleted": false, "Status": null, "IsACLProtected": false}],"meta":{"methods":0,"type":"computers","count":1, "version":5}}