{"data": [{"ObjectIdentifier": "S-1-5-21-1966530601-3185510712-10604624", "Properties": {"name": "THM.CORP", "domain": "THM.CORP", "domainsid": "S-1-5-21-1966530601-3185510712-10604624", "distinguishedname": "DC=THM,DC=CORP", "description": "", "functionallevel": "2016", "highvalue": true, "whencreated": 1686579905}, "Trusts": [], "Aces": [{"RightName": "Owns", "IsInherited": false, "PrincipalSID": "THM.CORP-S-1-5-32-544", "PrincipalType": "Group"}, {"RightName": "GetChanges", "IsInherited": false, "PrincipalSID": "S-1-5-21-1966530601-3185510712-10604624-498", "PrincipalType": "Group"}, {"RightName": "GetChangesAll", "IsInherited": false, "PrincipalSID": "S-1-5-21-1966530601-3185510712-10604624-516", "PrincipalType": "Group"}, {"RightName": "GetChangesInFilteredSet", "IsInherited": false, "PrincipalSID": "THM.CORP-S-1-5-32-544", "PrincipalType": "Group"}, {"RightName": "GetChanges", "IsInherited": false, "PrincipalSID": "THM.CORP-S-1-5-32-544", "PrincipalType": "Group"}, {"RightName": "GetChangesAll", "IsInherited": false, "PrincipalSID": "THM.CORP-S-1-5-32-544", "PrincipalType": "Group"}, {"RightName": "GetChangesInFilteredSet", "IsInherited": false, "PrincipalSID": "THM.CORP-S-1-5-9", "PrincipalType": "Group"}, {"RightName": "GetChanges", "IsInherited": false, "PrincipalSID": "THM.CORP-S-1-5-9", "PrincipalType": "Group"}, {"RightName": "WriteOwner", "IsInherited": false, "PrincipalSID": "S-1-5-21-1966530601-3185510712-10604624-512", "PrincipalType": "Group"}, {"RightName": "AllExtendedRights", "IsInherited": false, "PrincipalSID": "S-1-5-21-1966530601-3185510712-10604624-512", "PrincipalType": "Group"}, {"RightName": "WriteDacl", "IsInherited": false, "PrincipalSID": "S-1-5-21-1966530601-3185510712-10604624-512", "PrincipalType": "Group"}, {"RightName": "GenericAll", "IsInherited": false, "PrincipalSID": "S-1-5-21-1966530601-3185510712-10604624-519", "PrincipalType": "Group"}, {"RightName": "WriteOwner", "IsInherited": false, "PrincipalSID": "THM.CORP-S-1-5-32-544", "PrincipalType": "Group"}, {"RightName": "AllExtendedRights", "IsInherited": false, "PrincipalSID": "THM.CORP-S-1-5-32-544", "PrincipalType": "Group"}, {"RightName": "WriteDacl", "IsInherited": false, "PrincipalSID": "THM.CORP-S-1-5-32-544", "PrincipalType": "Group"}], "Links": [{"IsEnforced": false, "GUID": "794294BE-6462-4F88-A88B-287074E1B8B9"}, {"IsEnforced": false, "GUID": "A46646AE-489A-47AD-9F20-CE186E97BEAC"}], "ChildObjects": [{"ObjectIdentifier": "97D8CE28-7231-4915-B8AB-05D034F45FC9", "ObjectType": "Container"}, {"ObjectIdentifier": "554C1636-7C8B-4E2F-9D74-436CE9B7F981", "ObjectType": "OU"}, {"ObjectIdentifier": "3214EF4B-9582-4769-86AE-9F2C38C75753", "ObjectType": "OU"}, {"ObjectIdentifier": "B21DDF13-926D-429A-BE6C-6D2BDDE8157D", "ObjectType": "OU"}, {"ObjectIdentifier": "B43381D2-DC29-4D8E-A280-F21EDD9816A8", "ObjectType": "OU"}, {"ObjectIdentifier": "2BC4E6CC-1A6B-41FE-9E89-D39CC401A250", "ObjectType": "OU"}, {"ObjectIdentifier": "233F7AA4-E612-47C1-B7D5-32070DA53A8E", "ObjectType": "OU"}, {"ObjectIdentifier": "28F096C7-BF96-41A0-8820-2EEF9D13DFE3", "ObjectType": "Container"}, {"ObjectIdentifier": "2AA39DEC-278E-404B-867E-A28ABB60AB77", "ObjectType": "OU"}, {"ObjectIdentifier": "016B2FF1-5AB7-4AD4-ACE4-FE09D40F33FF", "ObjectType": "Container"}, {"ObjectIdentifier": "85E6728F-F70F-4DF2-8AD7-18DA6AD37ADF", "ObjectType": "OU"}, {"ObjectIdentifier": "7AC1BC94-5B5F-4D51-ADED-A73815C7EF3D", "ObjectType": "Container"}, {"ObjectIdentifier": "B683301E-70BE-4ED3-8513-D9953B321BE0", "ObjectType": "OU"}], "GPOChanges": {"AffectedComputers": [], "DcomUsers": [], "LocalAdmins": [], "PSRemoteUsers": [], "RemoteDesktopUsers": []}, "IsDeleted": false, "IsACLProtected": false}], "meta": {"type": "domains", "count": 1, "version": 5}}