{"data":[{"ObjectIdentifier": "FC4FA7A2-52C3-4C82-9445-BFBF4B51653E", "Properties": {"domain": "THM.CORP", "name": "DEFAULT DOMAIN CONTROLLERS POLICY@THM.CORP", "distinguishedname": "CN={6AC1786C-016F-11D2-945F-00C04FB984F9},CN=POLICIES,CN=SYSTEM,DC=THM,DC=CORP", "domainsid": "S-1-5-21-1966530601-3185510712-10604624", "highvalue": false, "gpcpath": "\\\\THM.CORP\\SYSVOL\\THM.CORP\\POLICIES\\{6AC1786C-016F-11D2-945F-00C04FB984F9}", "description": "", "whencreated": 1686579912}, "IsDeleted": false, "IsACLProtected": true, "Aces": [{"RightName": "Owns", "IsInherited": false, "PrincipalSID": "S-1-5-21-1966530601-3185510712-10604624-512", "PrincipalType": "Group"}, {"RightName": "GenericWrite", "IsInherited": false, "PrincipalSID": "S-1-5-21-1966530601-3185510712-10604624-512", "PrincipalType": "Group"}, {"RightName": "WriteOwner", "IsInherited": false, "PrincipalSID": "S-1-5-21-1966530601-3185510712-10604624-512", "PrincipalType": "Group"}, {"RightName": "WriteDacl", "IsInherited": false, "PrincipalSID": "S-1-5-21-1966530601-3185510712-10604624-512", "PrincipalType": "Group"}, {"RightName": "GenericWrite", "IsInherited": false, "PrincipalSID": "S-1-5-21-1966530601-3185510712-10604624-519", "PrincipalType": "Group"}, {"RightName": "WriteOwner", "IsInherited": false, "PrincipalSID": "S-1-5-21-1966530601-3185510712-10604624-519", "PrincipalType": "Group"}, {"RightName": "WriteDacl", "IsInherited": false, "PrincipalSID": "S-1-5-21-1966530601-3185510712-10604624-519", "PrincipalType": "Group"}, {"RightName": "GenericWrite", "IsInherited": false, "PrincipalSID": "S-1-5-21-1966530601-3185510712-10604624-512", "PrincipalType": "Group"}, {"RightName": "WriteOwner", "IsInherited": false, "PrincipalSID": "S-1-5-21-1966530601-3185510712-10604624-512", "PrincipalType": "Group"}, {"RightName": "WriteDacl", "IsInherited": false, "PrincipalSID": "S-1-5-21-1966530601-3185510712-10604624-512", "PrincipalType": "Group"}]},{"ObjectIdentifier": "794294BE-6462-4F88-A88B-287074E1B8B9", "Properties": {"domain": "THM.CORP", "name": "ENABLE WINRM.@THM.CORP", "distinguishedname": "CN={7A4F6CDE-13FD-4390-96B0-F07345123DD6},CN=POLICIES,CN=SYSTEM,DC=THM,DC=CORP", "domainsid": "S-1-5-21-1966530601-3185510712-10604624", "highvalue": false, "gpcpath": "\\\\THM.CORP\\SYSVOL\\THM.CORP\\POLICIES\\{7A4F6CDE-13FD-4390-96B0-F07345123DD6}", "description": "", "whencreated": 1686595234}, "IsDeleted": false, "IsACLProtected": true, "Aces": [{"RightName": "Owns", "IsInherited": false, "PrincipalSID": "S-1-5-21-1966530601-3185510712-10604624-512", "PrincipalType": "Group"}, {"RightName": "GenericWrite", "IsInherited": false, "PrincipalSID": "S-1-5-21-1966530601-3185510712-10604624-512", "PrincipalType": "Group"}, {"RightName": "WriteOwner", "IsInherited": false, "PrincipalSID": "S-1-5-21-1966530601-3185510712-10604624-512", "PrincipalType": "Group"}, {"RightName": "WriteDacl", "IsInherited": false, "PrincipalSID": "S-1-5-21-1966530601-3185510712-10604624-512", "PrincipalType": "Group"}, {"RightName": "GenericWrite", "IsInherited": false, "PrincipalSID": "S-1-5-21-1966530601-3185510712-10604624-512", "PrincipalType": "Group"}, {"RightName": "WriteOwner", "IsInherited": false, "PrincipalSID": "S-1-5-21-1966530601-3185510712-10604624-512", "PrincipalType": "Group"}, {"RightName": "WriteDacl", "IsInherited": false, "PrincipalSID": "S-1-5-21-1966530601-3185510712-10604624-512", "PrincipalType": "Group"}, {"RightName": "GenericWrite", "IsInherited": false, "PrincipalSID": "S-1-5-21-1966530601-3185510712-10604624-519", "PrincipalType": "Group"}, {"RightName": "WriteOwner", "IsInherited": false, "PrincipalSID": "S-1-5-21-1966530601-3185510712-10604624-519", "PrincipalType": "Group"}, {"RightName": "WriteDacl", "IsInherited": false, "PrincipalSID": "S-1-5-21-1966530601-3185510712-10604624-519", "PrincipalType": "Group"}]},{"ObjectIdentifier": "A46646AE-489A-47AD-9F20-CE186E97BEAC", "Properties": {"domain": "THM.CORP", "name": "DEFAULT DOMAIN POLICY@THM.CORP", "distinguishedname": "CN={31B2F340-016D-11D2-945F-00C04FB984F9},CN=POLICIES,CN=SYSTEM,DC=THM,DC=CORP", "domainsid": "S-1-5-21-1966530601-3185510712-10604624", "highvalue": false, "gpcpath": "\\\\THM.CORP\\SYSVOL\\THM.CORP\\POLICIES\\{31B2F340-016D-11D2-945F-00C04FB984F9}", "description": "", "whencreated": 1686579912}, "IsDeleted": false, "IsACLProtected": true, "Aces": [{"RightName": "Owns", "IsInherited": false, "PrincipalSID": "S-1-5-21-1966530601-3185510712-10604624-512", "PrincipalType": "Group"}, {"RightName": "GenericWrite", "IsInherited": false, "PrincipalSID": "S-1-5-21-1966530601-3185510712-10604624-512", "PrincipalType": "Group"}, {"RightName": "WriteOwner", "IsInherited": false, "PrincipalSID": "S-1-5-21-1966530601-3185510712-10604624-512", "PrincipalType": "Group"}, {"RightName": "WriteDacl", "IsInherited": false, "PrincipalSID": "S-1-5-21-1966530601-3185510712-10604624-512", "PrincipalType": "Group"}, {"RightName": "GenericWrite", "IsInherited": false, "PrincipalSID": "S-1-5-21-1966530601-3185510712-10604624-519", "PrincipalType": "Group"}, {"RightName": "WriteOwner", "IsInherited": false, "PrincipalSID": "S-1-5-21-1966530601-3185510712-10604624-519", "PrincipalType": "Group"}, {"RightName": "WriteDacl", "IsInherited": false, "PrincipalSID": "S-1-5-21-1966530601-3185510712-10604624-519", "PrincipalType": "Group"}, {"RightName": "GenericWrite", "IsInherited": false, "PrincipalSID": "S-1-5-21-1966530601-3185510712-10604624-512", "PrincipalType": "Group"}, {"RightName": "WriteOwner", "IsInherited": false, "PrincipalSID": "S-1-5-21-1966530601-3185510712-10604624-512", "PrincipalType": "Group"}, {"RightName": "WriteDacl", "IsInherited": false, "PrincipalSID": "S-1-5-21-1966530601-3185510712-10604624-512", "PrincipalType": "Group"}]}],"meta":{"methods":0,"type":"gpos","count":3, "version":5}}